[
    {
        "id": "C001",
        "second": 5
    },
    {
        "id" : "C002",
        "second": 17
    },
    {
        "id":"F001",
        "second": 25
    },
    {
        "id":"J001",
        "second": 13
    },
    {
        "id":"A001",
        "second":20
    },
    {
        "id":"C003",
        "second":32
    },
    {
        "id":"C004",
        "second":25
    },
    {
        "id":"J002",
        "second":27
    },
    {
        "id":"J003",
        "second":28
    },
    {
        "id":"J004",
        "second":30
    },
    {
        "id":"J005",
        "second":32
    },
    {
        "id":"J006",
        "second":35
    },
    {
        "id":"J007",
        "second":60 
    },
    {
        "id":"F002",
        "second":40
    },
    {
        "id":"F003",
        "second":40
    },
    {
        "id":"A002",
        "second":35
    },
    {
        "id":"A003",
        "second":42
    },
    {
        "id": "C005",
        "second": 120
    },
    {
        "id": "C006",
        "second": 50
    },
    {
        "id": "C007",
        "second": 50
    },
    {
        "id":"A004",
        "second": 130
    },
    {
        "id":"A005",
        "second":100
    },
    {
        "id":"A006",
        "second":70
    },
    {
        "id":"A007",
        "second":75
    },
    {
        "id":"A007",
        "second":80
    },
    {
        "id":"J008",
        "second": 95
    },
    {
        "id":"J009",
        "second": 98
    },
    {
        "id":"C008",
        "second":55
    },
    {
        "id": "C009",
        "second":72
    },    
    {
        "id":"J010",
        "second":85
    },
    {
        "id":"J011",
        "second":110
    },
    {
        "id":"F004",
        "second":62
    },
    {
        "id":"A008",
        "second":87
    },
    {
        "id":"J012",
        "second":45
    },
    {
        "id":"J013",
        "second":50
    },
    {
        "id":"J014",
        "second":55
    },
    {
        "id":"J015",
        "second":60
    },
    {
        "id":"J016",
        "second":65
    },
    {
        "id":"A009",
        "second":39
    },
    {
        "id":"F005",
        "second":51
    },
    {
        "id":"C010",
        "second": 40 
    },
    {
        "id":"C011",
        "second": 54
    },
    {
        "id":"A010",
        "second":115
    },
    {
        "id":"C012",
        "second": 30
    }
]