[
    {
        "name": "CENTER",
        "x": 0.5,
        "y": 0.5
    },
    {
        "name": "INNER1",
        "x": 0.35,
        "y": 0.35
    },
    {
        "name": "INNER2",
        "x": 0.65,
        "y": 0.35
    },
    {
        "name": "INNER3",
        "x": 0.35,
        "y": 0.65
    },
    {
        "name": "INNER4",
        "x": 0.65,
        "y": 0.65
    },
    {
        "name": "OUTER1",
        "x": 0.2,
        "y": 0.2
    },
    {
        "name": "OUTER2",
        "x": 0.5,
        "y": 0.2
    },
    {
        "name": "OUTER3",
        "x": 0.8,
        "y": 0.2
    },
    {
        "name":"OUTER4",
        "x":0.2,
        "y":0.5
    },
    {
        "name":"OUTER5",
        "x":0.8,
        "y":0.5
    },
    {
        "name":"OUTER6",
        "x":0.2,
        "y":0.8
    },
    {
        "name":"OUTER7",
        "x":0.5,
        "y":0.8
    },
    {
        "name":"OUTER8",
        "x":0.8,
        "y":0.8
    }


]